Catchment,Campaign,DataID,Type,Date,salt,background,medianSpC,Q,flag,flag_notes,Time,final_SPC,final_index,SPC_difference
OUTLET,1,OUT,Outlet,5/29/2025,150.03,29.8,29.9,124.1970199,Good,NA,8:04:21,29.9,1162,0
TEAK,1,TEAK01,Main,5/29/2025,51.23,23.6,23.5,45.37356867,Good,NA,8:17:12,23.6,843,-0.1
TEAK,1,TEAK02,Main,5/29/2025,30.1,24.2,24.2,35.46342011,Good,NA,9:25:07,24.2,1283,0
TEAK,1,TEAK03,Trib,5/29/2025,4.27,NA,64.32246998,0.780617836,,Deleted data before 10:05 and after 12:00.,,64.32233988,2120,0.000130106
TEAK,1,TEAK04,Trib,5/29/2025,10.05,NA,20.06735897,0.592223273,,Deleted data before 11:15 and after 13:00.,,20.127474,497,-0.060115035
TEAK,1,TEAK05,Main,5/29/2025,21.04,24.1,24.1,23.99348357,Good,Removed data before 11:48.,11:48:00,24.1,450,0
TEAK,1,TEAK06,Trib,5/29/2025,6.32,21.7,21.7,4.746271859,Good,NA,10:53:05,21.7,686,0
TEAK,1,TEAK07,Main,5/29/2025,20.91,22.2,22.1,21.18949959,Good,NA,12:23:45,22.2,1658,-0.1
TEAK,1,TEAK08,Trib,5/29/2025,1.06,NA,8.035798695,0.49159268,,Deleted data before 14:07 and after 15:00.,,8.093182684,554,-0.057383988
TEAK,1,TEAK09,Main,5/29/2025,10.06,21.3,21.2,9.929031348,Good,NA,14:26:52,21.2,1249,0
TEAK,1,TEAK11,Main,5/29/2025,11.03,20.7,20.7,9.138900397,Good,NA,15:14:22,20.7,1116,0
TEAK,1,TEAK12,Trib,5/29/2025,1.42,NA,8.151083467,1.494563861,,Deleted data before 16:50 and after 17:30.,,8.294583386,370,-0.143499919
TEAK,1,TEAK14,Main,5/29/2025,5.12,22,22,1.718807449,Good,NA,16:40:10,22,770,0
TECR,1,TECR01,Main,5/30/2025,51.24,28.6,28.4,55.12782417,Good,Removed data before 07:28.,7:28:00,28.5,623,-0.1
TECR,1,TECR02,Main,5/30/2025,50.31,22.1,22,64.81855272,Good,NA,8:51:48,22.1,856,-0.1
TECR,1,TECR03,Trib,5/30/2025,10.09,NA,22.16185302,11.3169675,,Deleted data before 10:55 and after 12:00.,,22.16160927,853,0.000243743
TECR,1,TECR04,Main,5/30/2025,33.33,26.7,26.7,43.07659169,Good,NA,9:33:53,27.2,592,-0.5
TECR,1,TECR05,Trib,5/30/2025,10.33,NA,25.90237396,4.265163599,,Deleted data before 11:45 and after 12:20.,,25.9021079,619,0.000266061
TECR,1,TECR06,Trib,5/30/2025,5.8,NA,13.09350615,4.732475062,,Deleted data before 12:05 and after 13:00.,,13.17175975,199,-0.078253597
TECR,1,TECR07,Trib,5/30/2025,5.52,NA,47.98475647,1.363323228,,Deleted data before 12:35 and after 13:30.,,49.19963966,404,-1.21488319
TECR,1,TECR08,Trib,5/30/2025,1.33,NA,18.07357006,0.907958765,,Deleted data before 13:35 and after 14:15.,,18.07576632,464,-0.00219626
TECR,1,TECR09,Main,5/30/2025,10.09,19,18.9,30.4943513,Good,NA,13:20:26,19.2,369,-0.3
TECR,1,TECR10,Trib,5/30/2025,5.4,25.6,25.6,6.083690987,Good,NA,13:43:34,25.6,827,0
TECR,1,TECR11,Main,5/30/2025,10.11,17.8,17.8,14.88015139,Good,Removed data before 14:20.,14:20:00,17.8,511,0
TEAK,WM,TEAK01,Main,6/6/2025,29.94,22.6,22.5,39.5061263,Good,NA,9:19:13,22.6,776,-0.1
TECR,WM,TECR01,Main,6/6/2025,60.51,29.2,29.2,45.98523505,Good,NA,10:48:09,29.2,1293,0
TEAK,WM,TEAK01,Main,6/12/2025,33,29.7,29.7,26.4539156,Good,NA,8:01:28,29.7,710,0
TECR,WM,TECR01,Main,6/12/2025,70.67,23.9,23.9,51.32970169,Good,NA,8:49:52,23.9,1116,0
TEAK,2,TEAK01,Main,6/18/2025,32.06,26.5,26.5,29.35577405,Good,Removed data before 07:00.,7:21:27,26.5,862,0
TEAK,2,TEAK02,Main,6/18/2025,30.56,25.5,25.4,18.96594016,Good,NA,8:51:23,25.5,1515,-0.1
TEAK,2,TEAK03,Trib,6/18/2025,1.11,NA,67.88334122,0.345479486,,Deleted data before 08:27 and after 11:00.,,68.59440601,596,-0.711064787
TEAK,2,TEAK04,Trib,6/18/2025,4.9,NA,19.29091281,0.469126792,,Deleted data before 10:05 and after 12:00.,,19.29078014,3206,0.000132669
TEAK,2,TEAK05,Main,6/18/2025,31.38,25.6,25.6,15.81463438,Good,Removed data before 11:40.,11:40:00,25.6,1015,0
TEAK,2,TEAK06,Trib,6/18/2025,5.72,NA,12.04185583,3.374735901,,Deleted data before 11:10 and after 12:00.,,12.00132428,253,0.040531546
TEAK,2,TEAK07,Main,6/18/2025,20.22,19.7,19.7,16.18185629,Good,NA,12:53:31,19.8,1060,-0.1
TEAK,2,TEAK08,Trib,6/18/2025,2.32,NA,9.664697357,0.325152431,,Deleted data before 13:45 and after 14:11.,,9.835758446,780,-0.171061089
TEAK,2,TEAK09,Main,6/18/2025,8.55,16.8,16.8,8.736801129,Good,NA,15:10:16,16.8,1160,0
TEAK,2,TEAK10,Trib,6/18/2025,5.69,NA,14.77382615,2.559881825,,Deleted data before 14:35 and after 15:30.,,14.7736514,1002,0.000174756
TEAK,2,TEAK11,Main,6/18/2025,5.43,21.3,21.3,4.924638307,Good,NA,16:09:01,21.3,1000,0
TEAK,2,TEAK12,Trib,6/18/2025,2.76,NA,7.192429022,0.990836556,,Deleted data before 16:45 and after 17:30.,,7.198969411,483,-0.006540389
TEAK,2,TEAK13,Main,6/18/2025,5.24,NA,14.01895363,4.793843318,,Deleted data before 17:15 and after 17:45.,,14.04849541,316,-0.029541781
TEAK,2,TEAK14,Main,6/18/2025,5.22,15.6,15.3,2.767552829,Good,Removed data before 18:08.,18:08:00,15.6,581,-0.3
OUTLET,2,OUT,Outlet,6/19/2025,168.38,30.3,30.3,78.20023443,Good,NA,7:48:33,30.3,1408,0
TECR,2,TECR01,Main,6/19/2025,61.29,30.5,30.6,36.9481843,Good,NA,8:26:26,30.6,1234,0
TECR,2,TECR02,Main,6/19/2025,30.45,30.3,30.2,32.06629391,Good,Removed data before 09:47.,9:47:00,30.3,194,-0.1
TECR,2,TECR03,Trib,6/19/2025,8.27,NA,23.98115166,6.839114421,,Deleted data before 10:43 and after 11:10.,,23.98148406,577,-0.000332407
TECR,2,TECR04,Main,6/19/2025,20.89,29.5,29.5,26.95401063,Good,NA,10:09:26,29.5,787,0
TECR,2,TECR05,Trib,6/19/2025,10.87,NA,30.68852459,2.127548537,,Deleed data before 11:36 and afer 12:20.,,30.68745025,1029,0.001074345
TECR,2,TECR06,Trib,6/19/2025,6.84,21.9,21.9,2.502569821,Good,NA,12:34:00,21.9,758,0
TECR,2,TECR07,Trib,6/19/2025,6.79,NA,37.69860147,2.189692111,,Deleted data before 12:07 and after 13:00.,,37.59130166,288,0.107299807
TECR,2,TECR08,Trib,6/19/2025,1.74,NA,17.04219829,0.490082162,,Deleted data before 14:42 and after 14:55.,,17.23001318,391,-0.187814892
TECR,2,TECR09,Main,6/19/2025,10.7,29,29,14.62890625,Good,NA,15:54:07,29,788,0
TECR,2,TECR10,Trib,6/19/2025,6.75,28.9,28.9,3.227679486,Good,NA,16:17:44,28.9,771,0
TECR,2,TECR11,Main,6/19/2025,5.36,15.1,15.1,13.69759659,Good,NA,16:52:12,15.1,778,0
TECR,2,TECR12,Trib,6/19/2025,6.52,20.2,20.2,3.697193082,Good,Removed data before 13:30.,13:30:00,20.2,480,0
TECR,2,TECR13,Main,6/19/2025,5.67,9.7,9.8,2.81862513,Good,NA,17:55:56,9.8,815,0
TEAK,WM,TEAK01,Main,6/26/2025,31.14,30.3,30.4,24.65418764,Good,NA,10:11:57,30.4,1038,0
TECR,WM,TECR01,Main,6/26/2025,65.36,30.3,30.4,33.62016387,Good,NA,9:15:00,30.4,703,0
TEAK,WM,TEAK01,Main,7/3/2025,30.37,30.8,30.8,20.75196043,Good,NA,10:12:19,30.8,917,0
TECR,WM,TECR01,Main,7/3/2025,61.19,32,32,27.12150953,Good,NA,9:13:27,32,1465,0
TEAK,WM,TEAK01,Main,7/10/2025,31.05,25.1,24.8,22.41530449,Good,NA,10:08:25,25,936,-0.2
TECR,WM,TECR01,Main,7/10/2025,66.72,32.8,32.8,24.19708313,Good,NA,8:55:26,32.8,1620,0
TEAK,3,TEAK01,Main,7/16/2025,15.31,23.4,23.3,35.00190518,Good,Removed data before 07:28.,7:28:00,23.3,440,0
TEAK,3,TEAK02,Main,7/16/2025,30.33,27.4,26.7,15.22918012,Good,Removed data before 08:52.,8:52:00,26.8,357,-0.1
TEAK,3,TEAK03,Trib,7/16/2025,1.4,NA,78.78840935,0.364576442,,Deleted data before 08:23 and after 10:00.,,79.70166715,479,-0.913257805
TEAK,3,TEAK04,Trib,7/16/2025,5.59,NA,17.38880506,0.37775623,,Deleted data before 09:31 and after 12:00.,,17.39626408,1488,-0.007459019
TEAK,3,TEAK05,Main,7/16/2025,31.12,26.5,26.4,11.83109301,Good,NA,10:55:00,26.4,527,0
TEAK,3,TEAK06,Trib,7/16/2025,5.61,NA,12.18917601,2.695277788,,Deleted data after 12:00.,,12.2030589,395,-0.013882888
TEAK,3,TEAK07,Main,7/16/2025,19.61,23.2,23.1,10.34581517,Good,NA,11:42:44,23.2,1052,-0.1
TEAK,3,TEAK08,Trib,7/16/2025,1.14,NA,7.629248444,0.128470887,,Deleted data before 11:19 and after 11:35.,,13.61297271,394,-5.98372427
TEAK,3,TEAK09,Main,7/16/2025,8.01,23.9,23.9,3.87947139,Good,NA,13:36:00,23.9,632,0
TEAK,3,TEAK11,Main,7/16/2025,4.51,21.3,21.2,3.043087106,Good,Removed data before 14:33.,14:33:00,21.3,469,-0.1
TEAK,3,TEAK14,Main,7/16/2025,2.76,17.7,17.6,0.668269314,Good,Removed data before 16:07.,16:07:00,17.8,1073,-0.2
OUTLET,3,OUT,Outlet,7/17/2025,168.03,33.6,33.6,47.66164652,Good,NA,7:39:36,33.6,1517,0
TECR,3,TECR01,Main,7/17/2025,67.53,33.3,33.2,20.78683719,Good,NA,8:15:59,33.3,1934,-0.1
TECR,3,TECR02,Main,7/17/2025,21.35,32.9,32.9,20.07207772,Good,NA,9:46:04,32.9,727,0
TECR,3,TECR03,Trib,7/17/2025,8.22,NA,26.01196272,3.936133182,,Deleed data before 10:55.,,26.03878116,571,-0.026818443
TECR,3,TECR04,Main,7/17/2025,18.35,33.4,33.4,16.15757144,Good,NA,10:17:50,33.4,878,0
TECR,3,TECR05,Trib,7/17/2025,1.5,NA,33.27300571,0.948526013,,Deleted data before 10:30 and after 11:00.,,33.40234645,783,-0.129340738
TECR,3,TECR06,Trib,7/17/2025,3.48,NA,10.25154734,1.397096478,,Deleted data before 12:30 and after 12:53.,,10.37344398,689,-0.121896639
TECR,3,TECR07,Trib,7/17/2025,4.72,NA,57.45947056,0.48365976,,Deleted data before 12:05 and after 13:30.,,57.73284783,836,-0.273377274
TECR,3,TECR08,Trib,7/17/2025,1.7,NA,14.23389807,0.300534358,,Deleted data before 14:35 and after 15:30.,,14.47094235,1509,-0.23704428
TECR,3,TECR09,Main,7/17/2025,10.98,36.9,36.8,7.972339874,Good,NA,15:35:00,36.9,690,-0.1
TECR,3,TECR10,Trib,7/17/2025,4.45,31.4,31.3,1.620538966,Good,NA,15:52:45,31.4,962,-0.1
TECR,3,TECR11,Main,7/17/2025,6.58,25.9,25.9,5.167635894,Good,NA,16:36:24,25.9,744,0
TECR,3,TECR12B,Trib,7/17/2025,3.24,NA,11.64572479,1.195522193,,Deleted data before 13:40.,,11.75536625,628,-0.109641455
TECR,3,TECR13,Main,7/17/2025,1.02,11.7,11.6,0.8255926,Good,Removed data before 17:20.,17:20:00,11.7,541,-0.1
TEAK,WM,TEAK01,Main,7/25/2025,20.22,32.7,32.7,15.35002259,Good,NA,10:19:43,32.7,865,0
TECR,WM,TECR01,Main,7/25/2025,70.5,33.5,33.5,18.26999611,Good,NA,9:10:37,33.5,1640,0
TEAK,WM,TEAK01,Main,7/31/2025,23.5,34.5,34.5,11.17198289,Good,NA,16:16:22,34.6,915,-0.1
TECR,WM,TECR01,Main,7/31/2025,60.93,30.3,30.2,16.4666139,Good,NA,15:10:59,30.4,1314,-0.2
TEAK,WM,TEAK01,Main,8/5/2025,15.9,34.2,34.2,10.52648172,Good,NA,15:00:25,34.2,1077,0
TECR,WM,TECR01,Main,8/5/2025,60.8,34.4,34.4,14.06299048,Good,NA,14:13:00,34.4,612,0
TEAK,WM,TEAK01,Main,8/15/2025,17.93,35.4,35.4,10.6941407,Good,NA,12:32:06,35.4,1471,0
TECR,WM,TECR01,Main,8/15/2025,31.07,36.2,36.1,11.96709585,Good,Removed data before 11:53.,11:53:00,36.1,446,0
TEAK,4,TEAK01,Main,8/18/2025,15.71,35.7,35.7,12.14489499,Good,NA,7:00:00,35.7,697,0
TEAK,4,TEAK02,Main,8/18/2025,15.43,29,29,11.03137181,Good,NA,7:56:39,29,704,0
TEAK,4,TEAK03,Trib,8/18/2025,1.5,NA,78.7528126,0.133167417,,Deleted daa before 07:30 and after 10:00.,,78.75741547,1796,-0.00460287
TEAK,4,TEAK04,Trib,8/18/2025,2.41,NA,19.72766917,0.303201431,,Deleted data abefore 08:40 and after 10:00,,19.72735035,1944,0.000318817
TEAK,4,TEAK05,Main,8/18/2025,15.08,30.1,30,7.14651622,Good,NA,9:48:29,30.1,1155,-0.1
TEAK,4,TEAK06,Trib,8/18/2025,4.57,NA,14.00640293,1.752606465,,Deleted data before 09:11 and after 10:00.,,13.99800029,574,0.008402641
TEAK,4,TEAK07,Main,8/18/2025,10.17,30.4,30.2,5.993265048,Good,Removed data before 07:00.,10:50:00,30.4,751,-0.2
TEAK,4,TEAK09,Main,8/18/2025,10.37,24.5,24.5,2.812784562,Good,NA,12:40:52,24.5,1448,0
TEAK,4,TEAK10,Trib,8/18/2025,1.12,NA,14.35759996,1.275298467,,Deleted data before 11:55 and after 13:00.,,14.35759996,1073,0
TEAK,4,TEAK11,Main,8/18/2025,2.38,21.1,21.1,1.921273161,Good,NA,13:24:36,21.1,732,0
TEAK,4,TEAK12,Trib,8/18/2025,1.11,NA,7.655046056,0.791835952,,Deleted data before 13:50 and after 14:30.,,7.783468916,384,-0.128422861
TEAK,4,TEAK13,Main,8/18/2025,2.22,NA,18.54408114,2.142023913,,Deleted data before 14:10 and after 14:26.,,18.49412951,464,0.049951629
TEAK,4,TEAK14,Main,8/18/2025,1.15,24.9,25,0.068157669,Good,NA,14:49:48,25,1273,0
OUTLET,4,OUT,Outlet,8/19/2025,101.15,35.8,35.8,29.70382179,Good,NA,7:10:26,35.8,1084,0
TECR,4,TECR01,Main,8/19/2025,20.59,36.3,36.1,12.04127099,Good,NA,7:39:23,36.3,735,-0.2
TECR,4,TECR02,Main,8/19/2025,20.08,37,37,11.52414528,Good,NA,8:41:28,37,1202,0
TECR,4,TECR03,Trib,8/19/2025,6.76,NA,27.51171795,2.217813406,,Deleted data before 09:45 and after 10:10.,,27.499709,262,0.012008956
TECR,4,TECR04,Main,8/19/2025,15.56,36.9,36.9,10.45849537,Good,NA,9:15:23,36.9,863,0
TECR,4,TECR06,Trib,8/19/2025,1.4,NA,17.03601108,0.391269744,,Deleted data before 11:00 and after 12:00.,,17.06768795,515,-0.031676872
TECR,4,TECR07,Trib,8/19/2025,3.59,NA,52.56224649,0.407237284,,Deleted data before 10:45 and after 12:00.,,52.80417269,691,-0.241926201
TECR,4,TECR09,Main,8/19/2025,8.27,43.8,43.8,5.089678213,Good,NA,14:01:07,43.8,1075,0
TECR,4,TECR10,Trib,8/19/2025,3.41,33.1,33.1,1.023343551,Good,NA,14:26:37,33.1,1062,0
TECR,4,TECR11,Main,8/19/2025,5.31,30.3,30.2,3.149243826,Good,NA,15:00:13,30.3,643,-0.1
TECR,4,TECR12B,Trib,8/19/2025,1.24,NA,12.95991908,0.894140371,,Deleted data before 11:43 and after 11:59.,,12.95009476,324,0.009824323
TECR,4,TECR13,Main,8/19/2025,1.18,11.7,11.7,0.240216369,Good,Removed data before 15:53.,15:53:00,11.7,816,0
OUTLET,October,OUT,Outlet,10/16/2025,78.25,78,78.1,31.18446897,Good,NA,18:12:53,78.1,603,0
TEAK,October,TEAK01,Main,10/26/2025,50.06,78.9,79,12.22317177,Good,NA,17:06:58,80.2,1074,-1.2
OUTLET,February,OUT,Outlet,2/11/2026,138.19,39.8,40.5,166.7906202,Good,NA,18:00,40.5,227,0
TEAK,February,TEAK01,Main,2/11/2026,44.59,38.1,38.2,59.30647919,Good,NA,16:45,38.2,233,0
OUTLET,WM,OUT,Outlet,5/19/2026,201.29,NA,36.7,136.6840199,Good,NA,8:30,36.7,708,0
TEAK,WM,TEAK01,Main,5/19/2026,95.27,NA,35.1,47.03087718,Good,NA,10:30,35.1,681,0
OUTLET,5,OUT,Outlet,5/21/2026,200.94,NA,36.5,116.9550998,Good,NA,7:30,36.5,628,0
TECR,5,TECR01,Main,5/21/2026,60.7,NA,36.2,66.56570668,Good,NA,8:00,36.2,305,0
TECR,5,TECR02,Main,5/21/2026,30.17,NA,35,57.10667448,Good,NA,8:45,35,283,0
TECR,5,TECR03,Trib,5/21/2026,7.62,NA,16.9,25.99415205,ok,didn't quite return to baseline,9:15,17.6,317,-0.7
TECR,5,TECR04,Main,5/21/2026,17.7,NA,35.2,51.58201499,Good,NA,9:45,35.2,268,0
TECR,5,TECR05,Trib,5/21/2026,10.21,NA,35.7,10.74575252,Good,NA,,35.7,358,0
TECR,5,TECR06,Trib,5/21/2026,9.66,NA,26.1,6.187208345,Good,NA,10:45,26.1,555,0
TECR,5,TECR07,Trib,5/21/2026,6.37,NA,52.1,2.052726073,Good,NA,12:30,52.5,302,-0.4
TECR,5,TECR08,Trib,5/21/2026,1.86,NA,21.9,1.044105854,Good,NA,13:00,21.9,885,0
TECR,5,TECR09,Main,5/21/2026,23.66,NA,24.34066899,28.26850671,Good,NA,1:45,24.33822607,348,0.00244292
TECR,5,TECR10,Trib,5/21/2026,4.26,NA,34.25753132,0.547285618,Good,NA,14:15,35.0568525,598,-0.79932118
TECR,5,TECR11,Main,5/21/2026,6.05,NA,26.7,18.92878427,Good,NA,15:00,26.7,205,0
TECR,5,TECR12B,Trib,5/21/2026,5,NA,21.2,3.456221198,ok,didn't quite return to baseline,11:40,21.7,631,-0.5
TECR,5,TECR13,Main,5/21/2026,5.16,NA,20.2,6.210098,Good,NA,15:30,20.4,210,-0.2
TEAK,5,TEAK01,Main,5/22/2026,60.21,NA,36.3,45.54462935,Good,NA,7:30,36.3,549,0
TEAK,5,TEAK02,Main,5/22/2026,39.38,NA,32.6,42.49640288,not good,formed a curve but messy,8:30,32.6,574,0
TEAK,5,TEAK03,Trib,5/22/2026,8.34,NA,89.94519895,1.625099144,Good,NA,8:00,90.29412641,1034,-0.34892746
TEAK,5,TEAK04,Trib,5/22/2026,7.27,NA,19.87435662,0.435446424,ok,didn't quite return to baseline,9:00,23.20579579,1142,-3.33143917
TEAK,5,TEAK05,Main,5/22/2026,30.02,NA,32.2,29.47333972,Good,NA,10:15,32.2,336,0
TEAK,5,TEAK06,Trib,5/22/2026,4.98,NA,24.9,7.041712958,Good,NA,10:00,24.9,228,0
TEAK,5,TEAK07,Main,5/22/2026,20.26,NA,23.7,40.85461878,not good,Did not return to baseline,10:45,27.2,209,-3.5
TEAK,5,TEAK08,Trib,5/22/2026,1.01,NA,9.062701607,0.924531448,ok,"some messiness in curve, but returned to baseline",11:15,9.0624232,652,0.000278407
TEAK,5,TEAK09,Main,5/22/2026,12,NA,27,14.74460242,Good,NA,12:30,27,313,0
TEAK,5,TEAK10,Trib,5/22/2026,5.6,NA,32.2,5.010011503,Good,NA,12:00,32.2,467,0
TEAK,5,TEAK11,Main,5/22/2026,7.43,NA,26,12.16703057,Good,NA,13:00,26,291,0
TEAK,5,TEAK12,Trib,5/22/2026,4.09,NA,16.7127594,2.56479507,Good,NA,13:30,18.27606832,321,-1.56330892
TEAK,5,TEAK13,Main,5/22/2026,7.58,NA,26.2,7.981747982,Good,NA,13:45,26.2,353,0
TEAK,5,TEAK14,Main,5/22/2026,5.07,NA,25.9,2.982937831,Good,NA,14:30,26.1,686,-0.2
OUTLET,WM,OUT,Outlet,5/28/2026,198.77,NA,36,100.3177159,Good,NA,14:45,36,699,0
TEAK,WM,TEAK01,Main,5/28/2026,59.67,NA,41.8,60.86409559,ok,Erratic SpC -- lots of stuff coming down the river during the storm,13:00,41.8,463,0
TECR,WM,TECR01,Main,5/28/2026,59.99,NA,34.9,75.98021773,ok,peaked too fast,14:00,34.9,348,0
OUTLET,WM,OUT,Outlet,6/4/2026,197,37.1,37.1,100.4992,Good,,7:30,37.1,602,0
TEAK,WM,TEAK01,Main,6/4/2026,59.12,36.2,36.1,41.01012,Good,NA,9:00,36.1,730,0
TECR,WM,TECR01,Main,6/4/2026,60.99,36.1,35.9,57.27913,Good,NA,8:00,36,795,-0.1
OUTLET,WM,OUT,NA,6/11/2026,180,36.8,36.8,108.3591,Good,NA,7:30,36.8,245,0
TEAK,WM,TEAK01,Main,6/11/2026,58,35.8,35.8,39.18415,Good,NA,8:45,36,341,-0.2
TECR,WM,TECR01,Main,6/11/2026,68,36.7,36.7,53.71854,Good,NA,8:00,36.7,373,0
NA,6,GRAN01,NA,6/17/2026,14.41,NA,34.5,5.355787015,Good,NA,18:15,34.6,1361,-0.1
NA,6,GRAN02,NA,6/17/2026,16.14,NA,41.2,10.57898187,Good,NA,15:49,41.2,660,0
OUTLET,6,OUT,Outlet,6/17/2026,150.08,NA,35.4,106.5945142,ok,didn't quit return to baseline,7:00,36.3,272,-0.9
TEAK,6,TEAK01,Main,6/17/2026,56.17,NA,32.3,42.87942128,NA,NA,7:30,32.3,678,0
TEAK,June,TEAK02,Main,6/17/2026,49.32,33.8,33.8,32.85601,ok,curve is weird shape,9:00,33.8,733,0
TEAK,June,TEAK03,Trib,6/17/2026,10.98,32.8,32.9,8.387167,ok,"unstable SPC, but forms curve",8:00,33,1282,-0.1
TEAK,6,TEAK04,Trib,6/17/2026,2.94,NA,10.22874401,0.602973713,Good,NA,9:45,11.10143054,928,-0.872686533
TEAK,6,TEAK05,Main,6/17/2026,31.36,NA,33.6,22.09339775,Good,NA,10:45,33.6,655,0
TEAK,6,TEAK06,Trib,6/17/2026,3.01,NA,23.6,5.819370282,Good,NA,10:15,23.6,275,0
TEAK,6,TEAK07,Main,6/17/2026,20.19,NA,33.1,19.14694725,Good,NA,11:15,33.1,374,0
TEAK,6,TEAK08,Trib,6/17/2026,1.11,NA,15.6813321,0.461166915,ok,little spike in the falling side of the curve,11:45,15.68133189,992,2.16E-07
TEAK,6,TEAK09,Main,6/17/2026,10.75,NA,28.4,10.38886332,Good,NA,13:00,28.4,435,0
TEAK,6,TEAK10,Trib,6/17/2026,5.37,NA,21.24178695,3.875724062,Good,NA,12:30,21.40103682,347,-0.159249872
TEAK,6,TEAK11,Main,6/17/2026,8.72,NA,26.5,9.013141704,Good,NA,13:30,26.5,457,0
TEAK,6,TEAK12,Trib,6/17/2026,3.25,NA,16.27125762,2.993444857,Good,NA,14:00,16.51518977,185,-0.243932149
TEAK,6,TEAK13,Main,6/17/2026,7.15,NA,19.392669,5.390622669,Good,NA,14:30,19.75733346,171,-0.364664461
TEAK,6,TEAK14,Main,6/17/2026,5.3,NA,27.5,1.806656873,Good,NA,15:15,27.8,1491,-0.3
TECR,6,TECR01,Main,6/17/2026,75.19,NA,37.7,49.2633845,Good,NA,7:45,37.7,665,0
TECR,6,TECR02,Main,6/17/2026,39.13,NA,36.9,43.49388662,Good,NA,8:30,36.9,207,0
TECR,6,TECR03,Trib,6/17/2026,15.16,NA,36.9,9.8974072,Good,NA,9:30,36.9,250,0
TECR,6,TECR04,Main,6/17/2026,31.44,NA,36.8,37.21758737,Good,NA,9:00,36.8,466,0
TECR,6,TECR05,Trib,6/17/2026,15.23,NA,39,6.98715428,Good,NA,10:30,39.2,435,-0.2
TECR,6,TECR06,Trib,6/17/2026,5.84,NA,27.5,4.102769972,Good,NA,11:00,27.5,275,0
TECR,6,TECR07,Trib,6/17/2026,4.38,NA,59.1,1.565963532,Good,NA,11:30,59.1,350,0
TECR,6,TECR08,Trib,6/17/2026,2.03,NA,5.346664026,1.207580372,Good,NA,13:45,6.071294342,619,-0.724630316
TECR,6,TECR09,Main,6/17/2026,16.52,NA,35.8,20.07638889,Good,NA,14:45,35.9,294,-0.1
TECR,6,TECR10,Trib,6/17/2026,3.12,NA,50.1,0.620771986,not good,"SPC erratic, curve messy, doesn't return to baseline",15:15,54.2,483,-4.1
TECR,6,TECR11,Main,6/17/2026,6.04,NA,28.5,12.96799918,Good,NA,15:45,28.6,292,-0.1
TECR,6,TECR12B,Trib,6/17/2026,4.99,NA,22.1,1.965893742,Good,NA,12:15,22.8,511,-0.7
TECR,6,TECR13,Main,6/17/2026,3.2,NA,20.7,4.230139746,Good,NA,14:30,20.7,175,0
OUTLET,June,OUT,Outlet,6/25/2026,150,36.6,36.6,75.743,Good,NA,7:30,36.6,408,0
TEAK,June,TEAK01,Main,6/25/2026,56,36.4,36.5,34.92723,Good,NA,8:30,36.7,353,-0.2
TECR,June,TECR01,Main,6/25/2026,75,37.9,37.9,44.15228,Good,NA,8:00,37.9,376,0
OUTLET,July,OUT,Outlet,7/1/2026,150,32,31.9,46.56629,not good,"split curve, returned to much higher baseline. likely influenced by truck drawing water upstream",7:30,37.1,865,-5.2
TEAK,July,TEAK01,Main,7/1/2026,56,37.5,37.4,31.10535,Good,NA,8:45,37.4,844,0
TECR,July,TECR01,Main,7/1/2026,75,39,39,40.00813,Good,NA,8:00,39,894,0
OUTLET,WM,OUT,Outlet,7/9/2026,150,NA,39.9,69.61479812,Good,NA,7:45,39.9,501,0
OUTLET,WM,OUT,Outlet,7/9/2026,150,39.9,39.9,69.6148,Good,NA,7:45,39.9,501,0
TEAK,WM,TEAK01,Main,7/9/2026,60.01,NA,35,30.25750609,Good,NA,10:45,35,873,0
TEAK,WM,TEAK01,Main,7/9/2026,60.01,34.9,35,30.25751,Good,NA,10:45,35,873,0
TECR,WM,TECR01,Main,7/9/2026,75,NA,40.1,35.79260741,Good,NA,8:30,40.1,856,0
TECR,WM,TECR01,Main,7/9/2026,75,40.1,40.1,35.79261,Good,NA,8:30,40.1,856,0
NA,7,GRAN01,NA,7/15/2026,16.27,NA,33.2,4.184158319,ok,didn't quit return to baseline,17:15,33.5,850,-0.3
NA,7,GRAN02,NA,7/15/2026,19.11,NA,32.76419689,7.778093969,ok,"weird shaped curve, but returned to baseline",16:45,32.7894654,250,-0.025268509
OUTLET,7,OUT,Outlet,7/15/2026,151.56,NA,40.6,70.98670711,ok,didn't quit return to baseline,7:00,40.9,521,-0.3
TEAK,7,TEAK01,Main,7/15/2026,45,NA,35.7,32.36633901,Good,NA,7:15,35.7,196,0
TEAK,7,TEAK02,Main,7/15/2026,47.03,NA,32.5,27.2908895,Good,NA,8:30,32.6,251,-0.1
TEAK,7,TEAK03,Trib,7/15/2026,9,NA,89.21818538,1.906401369,Good,NA,8:00,89.73388295,689,-0.51569757
TEAK,7,TEAK04,Trib,7/15/2026,2.9,NA,23.4860969,0.42081628,Good,NA,9:00,23.5434277,320,-0.057330793
TEAK,7,TEAK05,Main,7/15/2026,31.36,NA,32,18.86396838,Good,NA,10:15,32,277,0
TEAK,7,TEAK06,Trib,7/15/2026,3.01,NA,22.8,4.810136215,Good,NA,9:45,22.8,143,0
TEAK,7,TEAK07,Main,7/15/2026,16,NA,31.9,16.13987895,Good,NA,10:45,31.9,195,0
TEAK,7,TEAK08,Trib,7/15/2026,1.11,NA,16.06849033,0.169855833,not good,didn't get a good baseline with the logger,11:30,17.0893529,2361,-1.020862569
TEAK,7,TEAK09,Main,7/15/2026,10.75,NA,26.8,8.939177952,Good,NA,12:15,26.8,140,0
TEAK,7,TEAK10,Trib,7/15/2026,4,NA,21.48128624,2.769387508,Good,NA,12:00,21.54943067,635,-0.068144428
TEAK,7,TEAK11,Main,7/15/2026,9,NA,26.1,6.648374842,Good,NA,13:30,26.2,379,-0.1
TEAK,7,TEAK12,Trib,7/15/2026,3,NA,13.59296959,2.538098232,Good,NA,14:00,13.58003735,200,0.012932245
TEAK,7,TEAK13,Main,7/15/2026,6,NA,16.02582334,4.770378611,Good,NA,12:30,16.01537476,451,0.010448578
TEAK,7,TEAK14,Main,7/15/2026,5.5,NA,22.2,1.55849413,Good,NA,14:45,22.4,733,-0.2
TECR,7,TECR01,Main,7/15/2026,80,NA,41.3,35.32083088,Good,NA,7:30,41.3,969,0
TECR,7,TECR02,Main,7/15/2026,39.13,NA,40.5,36.49457065,Good,NA,8:15,40.5,491,0
TECR,7,TECR03,Trib,7/15/2026,12.5,NA,40.4,6.989376148,Good,NA,9:15,40.4,565,0
TECR,7,TECR04,Main,7/15/2026,43.77,NA,40.4,26.05948061,Good,NA,8:45,40.4,677,0
TECR,7,TECR05,Trib,7/15/2026,15.23,NA,43.9,5.013480892,Good,NA,9:45,43.9,656,0
TECR,7,TECR06,Trib,7/15/2026,4,NA,29.6,2.665228289,ok,messy curve but returns to baseline -- ,10:45,29.6,980,0
TECR,7,TECR07,Trib,7/15/2026,2,NA,64.5,1.275219748,Good,NA,10:30,64.5,729,0
TECR,7,TECR08,Trib,7/15/2026,2.03,NA,19.02436254,0.474068638,Good,NA,13:00,19.2159877,1514,-0.19162516
TECR,7,TECR09,Main,7/15/2026,16,NA,39.9,11.58041669,Good,NA,13:30,39.9,725,0
TECR,7,TECR10,Trib,7/15/2026,4,NA,56.5,0.278319876,Good,NA,14:00,57.4,2163,-0.9
TECR,7,TECR11,Main,7/15/2026,7,NA,30.8,8.409610984,ok,messy curve but returns to baseline ,15:00,30.8,519,0
TECR,7,TECR12B,Trib,7/15/2026,3.5,NA,24.4,1.657477252,Good,NA,11:30,24.4,1004,0
TECR,7,TECR13,Main,7/15/2026,2,NA,21.7,2.319929297,Good,NA,15:30,21.7,309,0
OUTLET,WM,OUT,Outlet,7/23/2026,150.64,NA,37.2,77.02931723,Good,NA,7:30,37.2,326,0
TEAK,WM,TEAK01,Main,7/23/2026,42.21,NA,37.1,28.35513899,Good,NA,8:45,37.3,316,-0.2
TECR,WM,TECR01,Main,7/23/2026,95.06,NA,39.8,34.08099157,Good,NA,8:00,39.8,461,0
OUTLET,WM,OUT,Outlet,7/30/2026,135.13,NA,38,68.11805372,Good,NA,7:45,38,862,0
TEAK,WM,TEAK01,Main,7/30/2026,41.75,NA,38.6,24.4516336,Good,NA,9:00,38.6,1149,0
TECR,WM,TECR01,Main,7/30/2026,100.19,NA,41.6,29.23263956,Good,NA,8:15,41.6,1173,0
OUTLET,WM,OUT,Outlet,8/6/2026,130.07,38,38,65.44873,Good,NA,7:15,38,556,0
TEAK,WM,TEAK01,Main,8/6/2026,35.27,38.1,38.1,22.99932,Good,NA,8:45,38.3,832,-0.2
TECR,WM,TECR01,Main,8/6/2026,110.55,42.2,42.2,27.05769,Good,NA,7:45,42.2,1003,0
NA,8,GRAN01,NA,8/13/2026,15.92,34.6,34.6,2.908508815,ok,very little baseline,17:00,34.7,2665,-0.1
NA,8,GRAN02,NA,8/13/2026,19.05,43.6,43.7,5.35768095,Good,NA,16:45,43.7,892,0
OUTLET,8,OUT,Outlet,8/13/2026,114.72,37.2,37.2,62.53556225,Good,NA,7:00,37.2,289,0
TEAK,8,TEAK01,Main,8/13/2026,35.22,39.6,39.6,23.30466018,Good,NA,7:15,39.6,571,0
TEAK,8,TEAK02,Main,8/13/2026,34.4,34.8,34.8,20.8208439,Good,NA,8:15,34.8,528,0
TEAK,8,TEAK03,Trib,8/13/2026,7.64,116.3,103.7624198,1.016094197,Good,NA,7:45,103.7624198,2392,0
TEAK,8,TEAK04,Trib,8/13/2026,3.09,32.3,23.65123111,0.369361575,Good,NA,8:45,23.63625945,2396,0.01497166
TEAK,8,TEAK05,Main,8/13/2026,29.45,34.3,34.4,14.1781293,Good,NA,9:45,34.4,551,0
TEAK,8,TEAK06,Trib,8/13/2026,2.66,25.7,25.7,3.519848771,Good,NA,9:15,25.7,336,0
TEAK,8,TEAK07,Main,8/13/2026,14.11,33.9,33.9,12.47463478,Good,NA,10:15,33.9,358,0
TEAK,8,TEAK08,Trib,8/13/2026,1.11,26.4,14.08616035,0.206769561,Good,ok,10:45,14.15653078,3095,-0.070370436
TEAK,8,TEAK09,Main,8/13/2026,8.8,29.1,29.1,7.213677883,Good,NA,12:00,29.1,410,0
TEAK,8,TEAK10,Trib,8/13/2026,3.62,33.7,103.7824149,0.482386077,Good,NA,11:15,103.7795579,2199,0.002856973
TEAK,8,TEAK11,Main,8/13/2026,9.3,27.9,27.9,5.977595495,Good,NA,12:30,27.9,759,0
TEAK,8,TEAK12,Trib,8/13/2026,1.5,25,13.22479881,2.844611105,Good,NA,12:45,13.22449724,268,0.000301564
TEAK,8,TEAK13,Main,8/13/2026,4.13,29.5,29.5,3.065314201,Good,NA,13:30,29.5,586,0
TEAK,8,TEAK14,Main,8/13/2026,5.48,29.3,29.3,0.837222499,ok,didn't quite return to baseline,14:00,29.9,1950,-0.6
TECR,8,TECR01,Main,8/13/2026,111.61,40.8,40.8,28.57921498,Good,NA,7:30,40.8,589,0
TECR,8,TECR02,Main,8/13/2026,34.9,40.2,40.2,26.07813834,Good,NA,8:15,40.2,249,0
TECR,8,TECR03,Trib,8/13/2026,12.46,40.5,40.5,5.512577424,Good,NA,9:15,40.5,308,0
TECR,8,TECR04,Main,8/13/2026,50.86,40.1,40.1,21.02894271,Good,ok,8:45,40.1,418,0
TECR,8,TECR05,Trib,8/13/2026,13.84,45.9,45.9,3.888004495,Good,NA,9:45,46.3,429,-0.4
TECR,8,TECR06,Trib,8/13/2026,4.26,30.2,30.1,2.041766518,Good,NA,10:30,30.1,511,0
TECR,8,TECR07,Trib,8/13/2026,2.22,73.4,73.5,1.092442882,Good,NA,11:00,73.5,207,0
TECR,8,TECR08,Trib,8/13/2026,2.07,29.4,20.16587139,0.377254308,Good,NA,12:30,20.15610258,728,0.009768811
TECR,8,TECR09,Main,8/13/2026,13.99,40.6,40.6,12.42766497,Good,NA,13:00,40.6,263,0
TECR,8,TECR10,Trib,8/13/2026,2.97,33.8,47.36814784,0.283518652,ok,didn't quite return to baseline,13:30,47.85064324,956,-0.482495398
TECR,8,TECR11,Main,8/13/2026,11.48,30.1,30.1,7.561633524,Good,NA,14:00,30.1,446,0
TECR,8,TECR12B,Trib,8/13/2026,3.11,24,24.2,1.324316652,Good,NA,11:30,24.2,600,0
TECR,8,TECR13,Main,8/13/2026,2.02,19.6,19.6,1.857024034,Good,NA,14:30,19.7,374,-0.1
OUTLET,WM,OUT,Outlet,8/20/2026,110,32.1,32.4,63.97651425,ok,didn't quite return to baseline,8:30,33.6,229,-1.2
TEAK,WM,TEAK01,Main,8/20/2026,35,37.2,37.1,22.83601566,Good,NA,9:45,37.2,345,-0.1
TECR,WM,TECR01,Main,8/20/2026,115.1,40.5,40.5,25.65487815,Good,NA,8:45,40.5,602,0
OUTLET,WM,OUT,Outlet,8/27/2026,105,38.4,38.4,58.56729262,Good,NA,7:30,38.4,617,0
TEAK,WM,TEAK01,Main,8/27/2026,35,39.1,39.1,21.47741219,Good,NA,9:00,39.1,784,0
TECR,WM,TECR01,Main,8/27/2026,115,42.7,42.7,23.05379218,Good,NA,8:00,42.7,1290,0
OUTLET,WM,OUT,Outlet,9/3/2026,105,39.9,39.9,53.73134328,Good,NA,7:45,39.9,647,0
TEAK,WM,TEAK01,Main,9/3/2026,35,38.3,38.3,20.63273728,Good,NA,9:00,38.4,730,-0.1
TECR,WM,TECR01,Main,9/3/2026,115,41.6,41.5,22.66350097,Good,NA,8:30,41.5,1290,0
OUTLET,9,OUT,Outlet,9/7/2026,105.02,40,40,49.5010437,Good,NA,7:00,40,670,0
TECR,9,TECR01,Main,9/7/2026,115,41.3,41.3,22.67371445,Good,NA,7:30,41.3,1488,0
TECR,9,TECR02,Main,9/7/2026,25,40.8,40.9,22.04076492,Good,NA,8:30,40.9,599,0
TECR,9,TECR03,Trib,9/7/2026,10,40.6,40.6,4.332710936,Good,NA,9:30,40.6,751,0
TECR,9,TECR04,Main,9/7/2026,60,39.7,39.7,17.50109382,Good,NA,9:00,39.8,920,-0.1
TECR,9,TECR05,Trib,9/7/2026,10,45.4,45.6,3.07071416,Good,NA,10:00,45.6,863,0
TECR,9,TECR06,Trib,9/7/2026,4,29.6,29.6,1.278062214,Good,NA,11:15,29.6,1718,0
TECR,9,TECR07,Trib,9/7/2026,2.25,61.2,61.4,0.615422688,Good,NA,10:30,61.6,1942,-0.2
TECR,9,TECR08,Trib,9/7/2026,1.5,30.5,16.75481155,0.315754892,ok,didn't quite return to baseline,13:15,17.24037169,1097,-0.485560142
TECR,9,TECR09,Main,9/7/2026,13,42.8,42.8,7.8291917,Good,NA,13:45,43,1781,-0.2
TECR,9,TECR10,Trib,9/7/2026,3.55,51.1,36.30433242,0.234377923,ok,didn't quite return to baseline,14:30,37.30924596,1541,-1.004913542
TECR,9,TECR11,Main,9/7/2026,10,18.4,18.4,11.72234782,Good,NA,15:15,18.4,1086,0
TECR,9,TECR12B,Trib,9/7/2026,2.5,24.2,24.2,1.069028711,Good,NA,12:15,24.2,1570,0
TECR,9,TECR13,Main,9/7/2026,1.25,18.9,18.9,0.976217483,Good,NA,15:45,19,1139,-0.1
NA,9,GRAN01,NA,9/8/2026,17,17,11.92831374,5.822763255,not good,flow is way higher than it should be,7:00,11.92588499,741,0.002428756
NA,9,GRAN02,NA,9/8/2026,17,43.4,29.52841389,5.03390897,Good,NA,8:00,29.71186735,652,-0.183453469
TEAK,9,TEAK01,Main,9/8/2026,35,38.1,38,19.93977374,Good,NA,8:30,38.1,736,-0.1
TEAK,9,TEAK02,Main,9/8/2026,34,33.1,33.1,18.26157014,Good,NA,9:30,33.2,697,-0.1
TEAK,9,TEAK03,Trib,9/8/2026,6,109.6,53.49817848,2.644625814,ok,didn't quite return to baseline,9:00,55.49023544,245,-1.992056959
TEAK,9,TEAK04,Trib,9/8/2026,1,32,9.677227251,0.626728956,ok,didn't quite return to baseline,10:15,10.41666667,313,-0.739439416
TEAK,9,TEAK05,Main,9/8/2026,30,32.8,32.7,11.83009727,Good,NA,11:30,32.7,680,0
TEAK,9,TEAK06,Trib,9/8/2026,2.5,25.6,25.6,3.03047795,Good,NA,11:00,25.6,1193,0
TEAK,9,TEAK07,Main,9/8/2026,12,32.3,32.2,10.02267033,Good,NA,12:30,32.2,682,0
TEAK,9,TEAK08,Trib,9/8/2026,1.1,21.7,17.456396,0.279973119,ok,messy curve but returns to baseline,12:45,17.40618362,1393,0.050212377
TEAK,9,TEAK09,Main,9/8/2026,8.8,28,28,5.324881141,Good,NA,14:00,28,881,0
TEAK,9,TEAK10,Trib,9/8/2026,2.8,32,32,1.596351197,Good,NA,13:45,32,758,0
TEAK,9,TEAK11,Main,9/8/2026,9.5,26.5,26.5,4.041611377,Good,NA,14:45,26.5,1091,0
TEAK,9,TEAK12,Trib,9/8/2026,1.5,21.9,13.77088974,1.553883936,Good,NA,15:15,13.77540208,288,-0.004512337
TEAK,9,TEAK13,Main,9/8/2026,4,29.7,29.7,2.162106509,Good,NA,13:30,29.9,788,-0.2
TEAK,9,TEAK14,Main,9/8/2026,5.5,28.3,28.3,0.582666798,Good,NA,16:15,28.3,3559,0